"","KIR2DL1","KIR2DL2","KIR2DL3","KIR2DL23","KIR2DL4","KIR2DL5","KIR2DP1","KIR2DS1","KIR2DS2","KIR2DS3","KIR2DS4","KIR2DS5","KIR3DL1","KIR3DL2","KIR3DL3","KIR3DP1","KIR3DS1"
"HG01358",0.325842696629213,0.50561797752809,0.646067415730337,1.10674157303371,0.325842696629213,0.393258426966292,0.410814606741573,0.337078651685393,0.410112359550562,0,0.393258426966292,0.446629213483146,0.356741573033708,0.598314606741573,1,0.421348314606742,0
