"","KIR3DP1","KIR2DS5","KIR2DL3","KIR2DP1","KIR2DS3","KIR2DS2","KIR2DL4","KIR3DL3","KIR3DL1","KIR3DS1","KIR2DL2","KIR3DL2","KIR2DS4","KIR2DL1","KIR2DS1","KIR2DL5"
"HG02145",0.354289940828402,0.000739644970414201,0.854289940828402,1.11908284023669,0.489644970414201,0,0.93491124260355,1,0.95414201183432,0.0377218934911243,0,0.961538461538462,1.06582840236686,0.599852071005917,0.0014792899408284,0.426775147928994
