"","KIR2DL1","KIR2DL2","KIR2DL3","KIR2DL23","KIR2DL4","KIR2DL5","KIR2DP1","KIR2DS1","KIR2DS2","KIR2DS3","KIR2DS4","KIR2DS5","KIR3DL1","KIR3DL2","KIR3DL3","KIR3DP1","KIR3DS1"
"HG02148",0.975232198142415,0,0.495356037151703,1.05882352941176,1.14551083591331,0,1.32352941176471,0,0,0,1.09735122119023,0,0.764705882352941,1.11764705882353,1,1.01393188854489,0
