"","KIR2DL1","KIR2DL2","KIR2DL3","KIR2DL23","KIR2DL4","KIR2DL5","KIR2DP1","KIR2DS1","KIR2DS2","KIR2DS3","KIR2DS4","KIR2DS5","KIR3DL1","KIR3DL2","KIR3DL3","KIR3DP1","KIR3DS1"
"NA18906",1.19259259259259,0,0.925925925925926,1.77407407407407,1.21481481481481,0,1.01851851851852,0,0,0,0.967078189300412,0,1.07037037037037,1.1,1,0.87037037037037,0
