"","KIR3DP1","KIR2DS5","KIR2DL3","KIR2DP1","KIR2DS3","KIR2DS2","KIR2DL4","KIR3DL3","KIR3DL1","KIR3DS1","KIR2DL2","KIR3DL2","KIR2DS4","KIR2DL1","KIR2DS1","KIR2DL5"
"NA18906",0.316991269308261,0.000671591672263264,0.730020147750168,0.924110141034251,0,0,0.93216924110141,1,0.798522498321021,0.0429818670248489,0.00268636668905306,0.878441907320349,0.906648757555406,0.464741437206179,0.00134318334452653,0.0396239086635326
