{
    "total_reads": 1478,
    "quality": 9.487357174150932,
    "weight_dist": 2.1380296259172315,
    "unexpl_reads": 0,
    "genotype": "KIR:KIR00618,KIR:KIR00316",
    "options": [
        {
            "genotype": "KIR:KIR00618,KIR:KIR00316",
            "lik_mean": -582.7526654938444,
            "lik_sd": 6.983908735570947e-25,
            "prob": 0.8874710458366689,
            "log10_prob": -0.05184580710496665,
            "dist_to_primary": 0
        },
        {
            "genotype": "KIR:KIR00618,KIR:KIR00012",
            "lik_mean": -583.647668015444,
            "lik_sd": 6.511224557190511e-25,
            "prob": 0.11252723133840487,
            "log10_prob": -0.9487423665401296,
            "dist_to_primary": 19
        },
        {
            "genotype": "KIR:KIR00618,KIR:KIR01089",
            "lik_mean": -586.0386876691671,
            "lik_sd": 0.01117576661805802,
            "prob": 1.701485794558872e-6,
            "log10_prob": -5.769171672410339,
            "dist_to_primary": 7
        },
        {
            "genotype": "KIR:KIR00618,KIR:KIR00406",
            "lik_mean": -586.6730797459768,
            "lik_sd": 7.102079780166057e-25,
            "prob": 2.133913178807434e-8,
            "log10_prob": -7.670823254420402,
            "dist_to_primary": 15
        }
    ]
}