"","KIR2DL1","KIR2DL2","KIR2DL3","KIR2DL23","KIR2DL4","KIR2DL5","KIR2DP1","KIR2DS1","KIR2DS2","KIR2DS3","KIR2DS4","KIR2DS5","KIR3DL1","KIR3DL2","KIR3DL3","KIR3DP1","KIR3DS1"
"HG01106",1.2890365448505,0,0.697674418604651,1.0265780730897,1.21594684385382,0,0.793189368770764,0,0,0,1.06681432262828,0,0.916943521594684,0.900332225913621,1,1.05481727574751,0.0073827980804725
