"","KIR3DP1","KIR2DS5","KIR2DL3","KIR2DP1","KIR2DS3","KIR2DS2","KIR2DL4","KIR3DL3","KIR3DL1","KIR3DS1","KIR2DL2","KIR3DL2","KIR2DS4","KIR2DL1","KIR2DS1","KIR2DL5"
"HG02572",0.339583333333333,0,0.841666666666667,1.11527777777778,0,0,0.979166666666667,1,0.844444444444444,0.0354166666666667,0.00138888888888889,0.878472222222222,1.10138888888889,0.716666666666667,0.00138888888888889,0.0479166666666667
