"","KIR3DP1","KIR2DS5","KIR2DL3","KIR2DP1","KIR2DS3","KIR2DS2","KIR2DL4","KIR3DL3","KIR3DL1","KIR3DS1","KIR2DL2","KIR3DL2","KIR2DS4","KIR2DL1","KIR2DS1","KIR2DL5"
"HG01258",0.344186046511628,0.724651162790698,0.385116279069767,0.515348837209302,0,0.312558139534884,0.893953488372093,1,0.00558139534883721,0.743255813953488,0.206511627906977,0.809302325581395,0,0.345116279069767,0.22046511627907,0.747906976744186
