"","KIR2DL1","KIR2DL2","KIR2DL3","KIR2DL23","KIR2DL4","KIR2DL5","KIR2DP1","KIR2DS1","KIR2DS2","KIR2DS3","KIR2DS4","KIR2DS5","KIR3DL1","KIR3DL2","KIR3DL3","KIR3DP1","KIR3DS1"
"HG01109",1.01760563380282,0,0.809859154929577,0.908450704225352,1.02112676056338,0,1.36003521126761,0,0,0,1.27934272300469,0,1.15492957746479,1.01760563380282,1,1.07394366197183,0
