"","KIR3DP1","KIR2DS5","KIR2DL3","KIR2DP1","KIR2DS3","KIR2DS2","KIR2DL4","KIR3DL3","KIR3DL1","KIR3DS1","KIR2DL2","KIR3DL2","KIR2DS4","KIR2DL1","KIR2DS1","KIR2DL5"
"HG01109",0.320866141732283,0,0.809055118110236,0.977690288713911,0.00131233595800525,0,0.874015748031496,1,0.883202099737533,0.0433070866141732,0.00393700787401575,0.845144356955381,0.97244094488189,0.636482939632546,0.00656167979002625,0.0446194225721785
