"","KIR3DP1","KIR2DS5","KIR2DL3","KIR2DP1","KIR2DS3","KIR2DS2","KIR2DL4","KIR3DL3","KIR3DL1","KIR3DS1","KIR2DL2","KIR3DL2","KIR2DS4","KIR2DL1","KIR2DS1","KIR2DL5"
"HG02622",0.526869158878505,0,0.789135514018692,0.9375,0,0,1.25934579439252,1,0.944509345794392,0.440420560747664,0.0058411214953271,0.829439252336449,0.976635514018692,0.648364485981308,0.00058411214953271,0.0648364485981308
