"","KIR2DL1","KIR2DL2","KIR2DL3","KIR2DL23","KIR2DL4","KIR2DL5","KIR2DP1","KIR2DS1","KIR2DS2","KIR2DS3","KIR2DS4","KIR2DS5","KIR3DL1","KIR3DL2","KIR3DL3","KIR3DP1","KIR3DS1"
"HG03540",0.781569965870307,0,0.921501706484642,1.17064846416382,1.11945392491468,0,1.23293515358362,0,0,0,0.481607887751232,0,0.477815699658703,0.522184300341297,1,1.09215017064846,0
