"","KIR3DP1","KIR2DS5","KIR2DL3","KIR2DP1","KIR2DS3","KIR2DS2","KIR2DL4","KIR3DL3","KIR3DL1","KIR3DS1","KIR2DL2","KIR3DL2","KIR2DS4","KIR2DL1","KIR2DS1","KIR2DL5"
"HG03540",0.358062538320049,0,0.789086450030656,0.976701410177805,0.000613120784794605,0,0.901900674432863,1,0.71244635193133,0.0337216431637032,0,0.406499080318823,0.469650521152667,0.677498467198038,0,0.0398528510116493
