"","KIR2DL1","KIR2DL2","KIR2DL3","KIR2DL23","KIR2DL4","KIR2DL5","KIR2DP1","KIR2DS1","KIR2DS2","KIR2DS3","KIR2DS4","KIR2DS5","KIR3DL1","KIR3DL2","KIR3DL3","KIR3DP1","KIR3DS1"
"HG00621",0.916083916083916,0,0.734265734265734,1.51048951048951,1.24475524475524,0,0.891608391608392,0,0,0,1.0994560994561,0,0.828671328671329,0.916083916083916,1,0.882867132867133,0
