"","KIR3DP1","KIR2DS5","KIR2DL3","KIR2DP1","KIR2DS3","KIR2DS2","KIR2DL4","KIR3DL3","KIR3DL1","KIR3DS1","KIR2DL2","KIR3DL2","KIR2DS4","KIR2DL1","KIR2DS1","KIR2DL5"
"HG00621",0.322976878612717,0,0.773843930635838,0.927745664739884,0.000722543352601156,0.00144508670520231,0.835260115606936,1,0.798410404624277,0.0433526011560694,0,0.834537572254335,0.944364161849711,0.602601156069364,0.00289017341040462,0.0491329479768786
