"","KIR2DL1","KIR2DL2","KIR2DL3","KIR2DL23","KIR2DL4","KIR2DL5","KIR2DP1","KIR2DS1","KIR2DS2","KIR2DS3","KIR2DS4","KIR2DS5","KIR3DL1","KIR3DL2","KIR3DL3","KIR3DP1","KIR3DS1"
"HG01978",1.09060402684564,0,1.04026845637584,1.21476510067114,1.11409395973154,0,1.14093959731544,0,0,0,1.07009694258016,0,1.18791946308725,1.21476510067114,1,0.922818791946309,0
