"","KIR3DP1","KIR2DS5","KIR2DL3","KIR2DP1","KIR2DS3","KIR2DS2","KIR2DL4","KIR3DL3","KIR3DL1","KIR3DS1","KIR2DL2","KIR3DL2","KIR2DS4","KIR2DL1","KIR2DS1","KIR2DL5"
"HG01978",0.297248803827751,0,0.847488038277512,1.07715311004785,0,0,0.9061004784689,1,0.891746411483254,0.041866028708134,0,0.90011961722488,1.07715311004785,0.735047846889952,0.00239234449760766,0.0526315789473684
