"","KIR2DL1","KIR2DL2","KIR2DL3","KIR2DL23","KIR2DL4","KIR2DL5","KIR2DP1","KIR2DS1","KIR2DS2","KIR2DS3","KIR2DS4","KIR2DS5","KIR3DL1","KIR3DL2","KIR3DL3","KIR3DP1","KIR3DS1"
"HG00673",1.29457364341085,0,0.465116279069767,1.3062015503876,1.38759689922481,0.395348837209302,0.857558139534884,0.348837209302326,0,0,0.564168819982773,0.558139534883721,0.465116279069767,1.11627906976744,1,1.28875968992248,0.378983634797588
