"","KIR3DP1","KIR2DS5","KIR2DL3","KIR2DP1","KIR2DS3","KIR2DS2","KIR2DL4","KIR3DL3","KIR3DL1","KIR3DS1","KIR2DL2","KIR3DL2","KIR2DS4","KIR2DL1","KIR2DS1","KIR2DL5"
"HG00673",0.314503816793893,0.400763358778626,0.781679389312977,1.00687022900763,0,0.000763358778625954,0.930534351145038,1,0.416793893129771,0.431297709923664,0.000763358778625954,0.935114503816794,0.542748091603053,0.758015267175573,0.0870229007633588,0.409160305343511
