"","KIR2DL1","KIR2DL2","KIR2DL3","KIR2DL23","KIR2DL4","KIR2DL5","KIR2DP1","KIR2DS1","KIR2DS2","KIR2DS3","KIR2DS4","KIR2DS5","KIR3DL1","KIR3DL2","KIR3DL3","KIR3DP1","KIR3DS1"
"HG00741",0.438538205980066,0,0.930232558139535,0.946843853820598,0.478405315614618,0,1.08803986710963,0.382059800664452,0,0,0.616463639719454,0,0.362126245847176,0.558139534883721,1,0.365448504983389,0
