"","KIR3DP1","KIR2DS5","KIR2DL3","KIR2DP1","KIR2DS3","KIR2DS2","KIR2DL4","KIR3DL3","KIR3DL1","KIR3DS1","KIR2DL2","KIR3DL2","KIR2DS4","KIR2DL1","KIR2DS1","KIR2DL5"
"HG00741",0.163147792706334,0.00127959053103007,0.767114523352527,0.99616122840691,0,0,0.431222008957134,1,0.451695457453615,0.0275111964171465,0.00319897632757518,0.461932181701855,0.483685220729367,0.374920025591811,0.0563019833653231,0.0287907869481766
