"","KIR2DL1","KIR2DL2","KIR2DL3","KIR2DL23","KIR2DL4","KIR2DL5","KIR2DP1","KIR2DS1","KIR2DS2","KIR2DS3","KIR2DS4","KIR2DS5","KIR3DL1","KIR3DL2","KIR3DL3","KIR3DP1","KIR3DS1"
"HG01175",0.559183673469388,0.530612244897959,0.408163265306122,1.35102040816327,0.783673469387755,0.551020408163265,0.51530612244898,0.326530612244898,0.493877551020408,0.310204081632653,0.680272108843538,0,0.546938775510204,0.963265306122449,1,1.1734693877551,0.521541950113379
