"","KIR2DL1","KIR2DL2","KIR2DL3","KIR2DL23","KIR2DL4","KIR2DL5","KIR2DP1","KIR2DS1","KIR2DS2","KIR2DS3","KIR2DS4","KIR2DS5","KIR3DL1","KIR3DL2","KIR3DL3","KIR3DP1","KIR3DS1"
"HG02055",1.04360465116279,0,0.726744186046512,1.60755813953488,0.988372093023256,0,1.15552325581395,0,0,0,0.952842377260982,0,0.802325581395349,1.26162790697674,1,0.915697674418605,0
