"","KIR2DL1","KIR2DL2","KIR2DL3","KIR2DL23","KIR2DL4","KIR2DL5","KIR2DP1","KIR2DS1","KIR2DS2","KIR2DS3","KIR2DS4","KIR2DS5","KIR3DL1","KIR3DL2","KIR3DL3","KIR3DP1","KIR3DS1"
"HG01928",1.05519480519481,0,0.941558441558441,1.61688311688312,0.733766233766234,0,1.14448051948052,0,0,0,1.17965367965368,0,0.701298701298701,1.01623376623377,1,1.07142857142857,0
