"","KIR2DL1","KIR2DL2","KIR2DL3","KIR2DL23","KIR2DL4","KIR2DL5","KIR2DP1","KIR2DS1","KIR2DS2","KIR2DS3","KIR2DS4","KIR2DS5","KIR3DL1","KIR3DL2","KIR3DL3","KIR3DP1","KIR3DS1"
"HG01258",0.405498281786942,0.481099656357388,0.652920962199313,1.10996563573883,1.14089347079038,1.26116838487973,0.515463917525773,0.584192439862543,0.797250859106529,0,0,1.04123711340206,0,0.893470790378007,1,0.970790378006873,0.96983581519664
