"","KIR2DL1","KIR2DL2","KIR2DL3","KIR2DL23","KIR2DL4","KIR2DL5","KIR2DP1","KIR2DS1","KIR2DS2","KIR2DS3","KIR2DS4","KIR2DS5","KIR3DL1","KIR3DL2","KIR3DL3","KIR3DP1","KIR3DS1"
"HG01243",0,0.857142857142857,0,0.792857142857143,0,0.753571428571429,0,0.696428571428571,0.707142857142857,0,0,0.892857142857143,0,0.692857142857143,1,0,0
