"","KIR3DP1","KIR2DS5","KIR2DL3","KIR2DP1","KIR2DS3","KIR2DS2","KIR2DL4","KIR3DL3","KIR3DL1","KIR3DS1","KIR2DL2","KIR3DL2","KIR2DS4","KIR2DL1","KIR2DS1","KIR2DL5"
"HG01243",0,0.679505813953488,0.0109011627906977,0.00145348837209302,0,0.606104651162791,0,1,0,0.00363372093023256,0.387354651162791,0.797238372093023,0.00145348837209302,0.00290697674418605,0.145348837209302,0.700581395348837
