"","KIR3DP1","KIR2DS5","KIR2DL3","KIR2DP1","KIR2DS3","KIR2DS2","KIR2DL4","KIR3DL3","KIR3DL1","KIR3DS1","KIR2DL2","KIR3DL2","KIR2DS4","KIR2DL1","KIR2DS1","KIR2DL5"
"HG02257",0.362837837837838,0.00540540540540541,0.0168918918918919,1.05540540540541,0.920945945945946,0.343243243243243,0.961486486486486,1,1.04324324324324,0.0391891891891892,0.37972972972973,0.932432432432432,1.00135135135135,0.37027027027027,0.00135135135135135,0.735810810810811
