"","KIR2DL1","KIR2DL2","KIR2DL3","KIR2DL23","KIR2DL4","KIR2DL5","KIR2DP1","KIR2DS1","KIR2DS2","KIR2DS3","KIR2DS4","KIR2DS5","KIR3DL1","KIR3DL2","KIR3DL3","KIR3DP1","KIR3DS1"
"HG02717",0.8375,0,0.625,1.178125,1.375,0,1.0625,0,0,0,0.861111111111111,0,0.578125,0.99375,1,1.09375,0.46875
