"","KIR3DP1","KIR2DS5","KIR2DL3","KIR2DP1","KIR2DS3","KIR2DS2","KIR2DL4","KIR3DL3","KIR3DL1","KIR3DS1","KIR2DL2","KIR3DL2","KIR2DS4","KIR2DL1","KIR2DS1","KIR2DL5"
"HG02717",0.477203647416413,0.00303951367781155,0.803191489361702,1.03799392097264,0,0.00151975683890578,1.2887537993921,1,0.873860182370821,0.438449848024316,0.00455927051671732,0.917933130699088,0.9209726443769,0.609422492401216,0.00151975683890578,0.0661094224924012
