"","KIR3DP1","KIR2DS5","KIR2DL3","KIR2DP1","KIR2DS3","KIR2DS2","KIR2DL4","KIR3DL3","KIR3DL1","KIR3DS1","KIR2DL2","KIR3DL2","KIR2DS4","KIR2DL1","KIR2DS1","KIR2DL5"
"HG02080",0.318572372769332,0,0.803040317250496,0.975545274289491,0.000660938532716457,0,0.898876404494382,1,0.834765366820886,0.0363516192994052,0,0.867812293456709,1.02115003304693,0.666886979510905,0,0.0376734963648381
