"","KIR3DP1","KIR2DS5","KIR2DL3","KIR2DP1","KIR2DS3","KIR2DS2","KIR2DL4","KIR3DL3","KIR3DL1","KIR3DS1","KIR2DL2","KIR3DL2","KIR2DS4","KIR2DL1","KIR2DS1","KIR2DL5"
"HG01928",0.348997493734336,0,0.835839598997494,1.01691729323308,0,0,0.913533834586466,1,0.901629072681704,0.0394736842105263,0.0012531328320802,0.844611528822055,1.07017543859649,0.662907268170426,0,0.0532581453634085
