"","KIR2DL1","KIR2DL2","KIR2DL3","KIR2DL23","KIR2DL4","KIR2DL5","KIR2DP1","KIR2DS1","KIR2DS2","KIR2DS3","KIR2DS4","KIR2DS5","KIR3DL1","KIR3DL2","KIR3DL3","KIR3DP1","KIR3DS1"
"HG03492",0.897435897435897,0,0.705128205128205,1.45833333333333,0.967948717948718,0,0.873397435897436,0,0,0,0.961538461538462,0,0.868589743589744,0.647435897435897,1,1.04166666666667,0
