"","KIR2DL1","KIR2DL2","KIR2DL3","KIR2DL23","KIR2DL4","KIR2DL5","KIR2DP1","KIR2DS1","KIR2DS2","KIR2DS3","KIR2DS4","KIR2DS5","KIR3DL1","KIR3DL2","KIR3DL3","KIR3DP1","KIR3DS1"
"HG02723",0.355871886120996,0.498220640569395,0.569395017793594,1.38078291814947,1.23131672597865,0,0.195729537366548,0,0.362989323843416,0,1.34835903519178,0,1.05693950177936,1.12811387900356,1,0.97864768683274,0
