{
    "total_reads": 592,
    "quality": 15.137034596406116,
    "weight_dist": 0.18384336410885636,
    "unexpl_reads": 7,
    "genotype": "KIR:KIR01181,KIR:KIR01562",
    "options": [
        {
            "genotype": "KIR:KIR01181,KIR:KIR01562",
            "lik_mean": -445.1918749519384,
            "lik_sd": 3.519133708042349e-24,
            "prob": 0.9693594511491057,
            "log10_prob": -1.3515151015680457e-2,
            "dist_to_primary": 0
        },
        {
            "genotype": "KIR:KIR01115,KIR:KIR01562",
            "lik_mean": -446.691874951938,
            "lik_sd": 2.964911508891287e-24,
            "prob": 0.03064054657255287,
            "log10_prob": -1.5137034919334774,
            "dist_to_primary": 6
        },
        {
            "genotype": "KIR:KIR01567,KIR:KIR01562",
            "lik_mean": -450.20133141837069,
            "lik_sd": 3.2331597801221849e-24,
            "prob": 2.0908873879804587e-9,
            "log10_prob": -8.679669356993749,
            "dist_to_primary": 37
        },
        {
            "genotype": "KIR:KIR00397,KIR:KIR01562",
            "lik_mean": -450.55050225704675,
            "lik_sd": 2.446140623118758e-24,
            "prob": 1.8745399338941354e-10,
            "log10_prob": -9.727105303236492,
            "dist_to_primary": 39
        }
    ]
}