"","KIR2DL1","KIR2DL2","KIR2DL3","KIR2DL23","KIR2DL4","KIR2DL5","KIR2DP1","KIR2DS1","KIR2DS2","KIR2DS3","KIR2DS4","KIR2DS5","KIR3DL1","KIR3DL2","KIR3DL3","KIR3DP1","KIR3DS1"
"HG02080",1.37102473498233,0,1.02473498233216,1.24734982332155,0.876325088339223,0,0.971731448763251,0,0,0,1.08755398508049,0,0.752650176678445,0.989399293286219,1,0.954063604240283,0
