"","KIR2DL1","KIR2DL2","KIR2DL3","KIR2DL23","KIR2DL4","KIR2DL5","KIR2DP1","KIR2DS1","KIR2DS2","KIR2DS3","KIR2DS4","KIR2DS5","KIR3DL1","KIR3DL2","KIR3DL3","KIR3DP1","KIR3DS1"
"HG02257",1.26254826254826,0.849420849420849,0,1.06177606177606,1.30501930501931,1.43629343629344,1.08108108108108,0,0.494208494208494,1.21621621621622,1.003861003861,0,1.19305019305019,1.22779922779923,1,1.08108108108108,0
