"","KIR2DL1","KIR2DL2","KIR2DL3","KIR2DL23","KIR2DL4","KIR2DL5","KIR2DP1","KIR2DS1","KIR2DS2","KIR2DS3","KIR2DS4","KIR2DS5","KIR3DL1","KIR3DL2","KIR3DL3","KIR3DP1","KIR3DS1"
"NA20129",0.450980392156863,0.620915032679739,0.490196078431373,1.24183006535948,0.777777777777778,0.477124183006536,0.42483660130719,0.245098039215686,0.637254901960784,0,0.537400145243282,0.673202614379085,0.235294117647059,0.813725490196078,1,0.866013071895425,0.537400145243282
