"","KIR3DP1","KIR2DS5","KIR2DL3","KIR2DP1","KIR2DS3","KIR2DS2","KIR2DL4","KIR3DL3","KIR3DL1","KIR3DS1","KIR2DL2","KIR3DL2","KIR2DS4","KIR2DL1","KIR2DS1","KIR2DL5"
"HG01071",0.291561712846348,0.000629722921914358,0.738664987405542,0.980478589420655,0,0,0.849496221662469,1,0.855793450881612,0.0377833753148615,0.00125944584382872,0.829345088161209,0.923173803526448,0.656801007556675,0.00125944584382872,0.0465994962216625
