"","KIR3DP1","KIR2DS5","KIR2DL3","KIR2DP1","KIR2DS3","KIR2DS2","KIR2DL4","KIR3DL3","KIR3DL1","KIR3DS1","KIR2DL2","KIR3DL2","KIR2DS4","KIR2DL1","KIR2DS1","KIR2DL5"
"HG02148",0.344283006948831,0,0.788376500315856,0.989260897030954,0,0,0.84017687934302,1,0.959570435881238,0.049273531269741,0.00126342387871131,0.909665192672142,0.939987365761213,0.662034112444725,0.00189513581806696,0.0416929879974732
