"","KIR3DP1","KIR2DS5","KIR2DL3","KIR2DP1","KIR2DS3","KIR2DS2","KIR2DL4","KIR3DL3","KIR3DL1","KIR3DS1","KIR2DL2","KIR3DL2","KIR2DS4","KIR2DL1","KIR2DS1","KIR2DL5"
"HG03492",0.347113328581611,0,0.828225231646472,1.06985032074127,0,0,0.928011404133999,1,0.957947255880257,0.0563079116179615,0,0.926585887384177,1.02494654312188,0.733428367783321,0.00142551674982181,0.0577334283677833
