"","KIR2DL1","KIR2DL2","KIR2DL3","KIR2DL23","KIR2DL4","KIR2DL5","KIR2DP1","KIR2DS1","KIR2DS2","KIR2DS3","KIR2DS4","KIR2DS5","KIR3DL1","KIR3DL2","KIR3DL3","KIR3DP1","KIR3DS1"
"HG03098",0.725631768953069,0.216606498194946,0.252707581227437,1.14079422382671,1.00361010830325,0.397111913357401,0.586642599277978,0.324909747292419,0.592057761732852,0,0.497392699558765,0.55956678700361,0.310469314079422,1.14440433212996,1,0.505415162454874,0
