"","KIR3DP1","KIR2DS5","KIR2DL3","KIR2DP1","KIR2DS3","KIR2DS2","KIR2DL4","KIR3DL3","KIR3DL1","KIR3DS1","KIR2DL2","KIR3DL2","KIR2DS4","KIR2DL1","KIR2DS1","KIR2DL5"
"HG03098",0.176470588235294,0.349264705882353,0.448529411764706,0.530024509803922,0.00122549019607843,0.305759803921569,0.482843137254902,1,0.425245098039216,0.0202205882352941,0.191176470588235,0.91421568627451,0.452205882352941,0.387867647058824,0.0729166666666667,0.405637254901961
