"","KIR3DP1","KIR2DS5","KIR2DL3","KIR2DP1","KIR2DS3","KIR2DS2","KIR2DL4","KIR3DL3","KIR3DL1","KIR3DS1","KIR2DL2","KIR3DL2","KIR2DS4","KIR2DL1","KIR2DS1","KIR2DL5"
"HG00438",0.354817275747508,0,0.788039867109635,1.03388704318937,0,0,0.866445182724253,1,0.794019933554817,0.0358803986710963,0.0026578073089701,0.897674418604651,0.984053156146179,0.704983388704319,0,0.0511627906976744
