"","KIR2DL1","KIR2DL2","KIR2DL3","KIR2DL23","KIR2DL4","KIR2DL5","KIR2DP1","KIR2DS1","KIR2DS2","KIR2DS3","KIR2DS4","KIR2DS5","KIR3DL1","KIR3DL2","KIR3DL3","KIR3DP1","KIR3DS1"
"HG01891",1.26451612903226,0.354838709677419,0.387096774193548,0.854838709677419,0.929032258064516,0.548387096774194,0.92741935483871,0,0.670967741935484,0.00645161290322581,0.896057347670251,0.487096774193548,1.24193548387097,0.993548387096774,1,0.806451612903226,0
