"","KIR3DP1","KIR2DS5","KIR2DL3","KIR2DP1","KIR2DS3","KIR2DS2","KIR2DL4","KIR3DL3","KIR3DL1","KIR3DS1","KIR2DL2","KIR3DL2","KIR2DS4","KIR2DL1","KIR2DS1","KIR2DL5"
"HG02630",0.5415421398685,0.394500896592947,0.797369994022714,1.02570233114166,0.000597728631201434,0,1.32396891811118,1,0.471607890017932,0.866108786610879,0.00836820083682008,0.793185893604304,1.0406455469217,0.707112970711297,0.0986252241482367,0.380753138075314
