"","KIR2DL1","KIR2DL2","KIR2DL3","KIR2DL23","KIR2DL4","KIR2DL5","KIR2DP1","KIR2DS1","KIR2DS2","KIR2DS3","KIR2DS4","KIR2DS5","KIR3DL1","KIR3DL2","KIR3DL3","KIR3DP1","KIR3DS1"
"HG03486",0.836990595611285,0,1.03448275862069,1.09717868338558,0.959247648902821,0,0.685736677115988,0,0,0,0.745384883315918,0,0.714733542319749,0.736677115987461,1,0.689655172413793,0
