"","KIR3DP1","KIR2DS5","KIR2DL3","KIR2DP1","KIR2DS3","KIR2DS2","KIR2DL4","KIR3DL3","KIR3DL1","KIR3DS1","KIR2DL2","KIR3DL2","KIR2DS4","KIR2DL1","KIR2DS1","KIR2DL5"
"HG03486",0.350508474576271,0,0.810847457627119,1.00067796610169,0,0.000677966101694915,0.871864406779661,1,0.79864406779661,0.0433898305084746,0.00271186440677966,0.811525423728814,0.964745762711864,0.650169491525424,0.00135593220338983,0.0522033898305085
