"","KIR3DP1","KIR2DS5","KIR2DL3","KIR2DP1","KIR2DS3","KIR2DS2","KIR2DL4","KIR3DL3","KIR3DL1","KIR3DS1","KIR2DL2","KIR3DL2","KIR2DS4","KIR2DL1","KIR2DS1","KIR2DL5"
"NA20129",0.317103620474407,0.353932584269663,0.388888888888889,0.52059925093633,0,0.31960049937578,0.908239700374532,1,0.476903870162297,0.419475655430712,0.274656679151061,0.793383270911361,0.476903870162297,0.32147315855181,0.0774032459425718,0.34769038701623
