"","KIR3DP1","KIR2DS5","KIR2DL3","KIR2DP1","KIR2DS3","KIR2DS2","KIR2DL4","KIR3DL3","KIR3DL1","KIR3DS1","KIR2DL2","KIR3DL2","KIR2DS4","KIR2DL1","KIR2DS1","KIR2DL5"
"HG01106",0.360071301247772,0,0.845811051693405,0.910873440285205,0,0.0017825311942959,0.889483065953654,1,0.795900178253119,0.0374331550802139,0,0.862745098039216,1,0.659536541889483,0,0.0392156862745098
