"","KIR2DL1","KIR2DL2","KIR2DL3","KIR2DL23","KIR2DL4","KIR2DL5","KIR2DP1","KIR2DS1","KIR2DS2","KIR2DS3","KIR2DS4","KIR2DS5","KIR3DL1","KIR3DL2","KIR3DL3","KIR3DP1","KIR3DS1"
"HG02886",1,0,0.736842105263158,1.05,0.784210526315789,0.471052631578947,0.792763157894737,0.184210526315789,0,0,0.555555555555556,0.373684210526316,0.381578947368421,0.826315789473684,1,0.875,0.298245614035088
