"","KIR3DP1","KIR2DS5","KIR2DL3","KIR2DP1","KIR2DS3","KIR2DS2","KIR2DL4","KIR3DL3","KIR3DL1","KIR3DS1","KIR2DL2","KIR3DL2","KIR2DS4","KIR2DL1","KIR2DS1","KIR2DL5"
"HG02886",0.353117505995204,0.383093525179856,0.838129496402878,1.11091127098321,0.000599520383693046,0.00299760191846523,0.864508393285372,1,0.390287769784173,0.365107913669065,0.00539568345323741,0.883693045563549,0.550959232613909,0.673860911270983,0.0845323741007194,0.335731414868106
