"","KIR2DL1","KIR2DL2","KIR2DL3","KIR2DL23","KIR2DL4","KIR2DL5","KIR2DP1","KIR2DS1","KIR2DS2","KIR2DS3","KIR2DS4","KIR2DS5","KIR3DL1","KIR3DL2","KIR3DL3","KIR3DP1","KIR3DS1"
"HG02622",0.899182561307902,0,0.817438692098093,0.893732970027248,1.32970027247956,0,0.725476839237057,0,0,0,0.890099909173478,0,0.942779291553133,0.858310626702997,1,1.20572207084469,0.399636693914623
