"","KIR2DL1","KIR2DL2","KIR2DL3","KIR2DL23","KIR2DL4","KIR2DL5","KIR2DP1","KIR2DS1","KIR2DS2","KIR2DS3","KIR2DS4","KIR2DS5","KIR3DL1","KIR3DL2","KIR3DL3","KIR3DP1","KIR3DS1"
"HG00438",1.13230769230769,0,0.707692307692308,1.06769230769231,0.843076923076923,0,0.673076923076923,0,0,0,0.91965811965812,0,0.695384615384615,1.11384615384615,1,0.746153846153846,0
