"","KIR3DP1","KIR2DS5","KIR2DL3","KIR2DP1","KIR2DS3","KIR2DS2","KIR2DL4","KIR3DL3","KIR3DL1","KIR3DS1","KIR2DL2","KIR3DL2","KIR2DS4","KIR2DL1","KIR2DS1","KIR2DL5"
"HG01891",0.317862165963432,0.357946554149086,0.416315049226442,0.981012658227848,0.00210970464135021,0.357946554149086,0.916315049226442,1,0.877637130801688,0.0414908579465541,0.225035161744022,0.852320675105485,0.980309423347398,0.458509142053446,0.00070323488045007,0.384669479606188
