"","KIR3DP1","KIR2DS5","KIR2DL3","KIR2DP1","KIR2DS3","KIR2DS2","KIR2DL4","KIR3DL3","KIR3DL1","KIR3DS1","KIR2DL2","KIR3DL2","KIR2DS4","KIR2DL1","KIR2DS1","KIR2DL5"
"HG00735",0.352059925093633,0.000749063670411985,0.445692883895131,0.525093632958802,0,0.331086142322097,0.952808988764045,1,1.00224719101124,0.0426966292134831,0.233707865168539,0.98501872659176,0.967790262172285,0.319850187265918,0,0.0471910112359551
