"","KIR3DP1","KIR2DS5","KIR2DL3","KIR2DP1","KIR2DS3","KIR2DS2","KIR2DL4","KIR3DL3","KIR3DL1","KIR3DS1","KIR2DL2","KIR3DL2","KIR2DS4","KIR2DL1","KIR2DS1","KIR2DL5"
"HG01358",0.172817809021675,0.38605741066198,0.422964264792033,0.469244288224956,0.00117164616285882,0.330990041007616,0.422964264792033,1,0.397188049209139,0.0140597539543058,0.23784417106034,0.787932044522554,0.507322788517868,0.348564733450498,0.0767428236672525,0.324545987111892
