"","KIR2DL1","KIR2DL2","KIR2DL3","KIR2DL23","KIR2DL4","KIR2DL5","KIR2DP1","KIR2DS1","KIR2DS2","KIR2DS3","KIR2DS4","KIR2DS5","KIR3DL1","KIR3DL2","KIR3DL3","KIR3DP1","KIR3DS1"
"HG03453",1.45374449339207,0.616740088105727,0.66079295154185,1.44493392070485,1.13656387665198,0.511013215859031,1.14537444933921,0,0,0,1.20411160058737,0.806167400881057,1.06167400881057,0.986784140969163,1,1.36563876651982,0
