"","KIR2DL1","KIR2DL2","KIR2DL3","KIR2DL23","KIR2DL4","KIR2DL5","KIR2DP1","KIR2DS1","KIR2DS2","KIR2DS3","KIR2DS4","KIR2DS5","KIR3DL1","KIR3DL2","KIR3DL3","KIR3DP1","KIR3DS1"
"HG00735",0.697916666666667,0.520833333333333,0.625,1.60416666666667,1.21875,0,0.696614583333333,0,1.0625,0,1.41782407407407,0,1.57291666666667,1.33333333333333,1,1.22395833333333,0
