"","KIR2DL1","KIR2DL2","KIR2DL3","KIR2DL23","KIR2DL4","KIR2DL5","KIR2DP1","KIR2DS1","KIR2DS2","KIR2DS3","KIR2DS4","KIR2DS5","KIR3DL1","KIR3DL2","KIR3DL3","KIR3DP1","KIR3DS1"
"NA19240",0.319018404907975,0,0.98159509202454,1.10122699386503,0.441717791411043,0.426380368098159,0.49079754601227,0,0.365030674846626,0,0.743012951601909,0.398773006134969,0.812883435582822,0.901840490797546,1,0.291411042944785,0
