"","KIR3DP1","KIR2DS5","KIR2DL3","KIR2DP1","KIR2DS3","KIR2DS2","KIR2DL4","KIR3DL3","KIR3DL1","KIR3DS1","KIR2DL2","KIR3DL2","KIR2DS4","KIR2DL1","KIR2DS1","KIR2DL5"
"NA19240",0.155429382540809,0.36763662171753,0.506742370475515,0.550745209368346,0.0056777856635912,0.234918381831086,0.474095102909865,1,0.518807665010646,0.0255500354861604,0.0617459190915543,0.809084457061746,0.945351312987935,0.401703335699077,0.0581973030518098,0.412349183818311
