"","KIR2DL1","KIR2DL2","KIR2DL3","KIR2DL23","KIR2DL4","KIR2DL5","KIR2DP1","KIR2DS1","KIR2DS2","KIR2DS3","KIR2DS4","KIR2DS5","KIR3DL1","KIR3DL2","KIR3DL3","KIR3DP1","KIR3DS1"
"HG02572",1.0893470790378,0,0.927835051546392,0.996563573883161,1.29209621993127,0,1.06958762886598,0,0,0,1.11111111111111,0,0.900343642611684,1.12371134020619,1,1.15120274914089,0
