"","KIR2DL1","KIR2DL2","KIR2DL3","KIR2DL23","KIR2DL4","KIR2DL5","KIR2DP1","KIR2DS1","KIR2DS2","KIR2DS3","KIR2DS4","KIR2DS5","KIR3DL1","KIR3DL2","KIR3DL3","KIR3DP1","KIR3DS1"
"HG02630",0.795212765957447,0,0.824468085106383,1.82712765957447,1.36170212765957,0.452127659574468,0.977393617021277,0.252659574468085,0,0,1.04905437352246,0.375,0.787234042553192,0.981382978723404,1,1.28989361702128,0.818557919621749
