"","KIR3DP1","KIR2DS5","KIR2DL3","KIR2DP1","KIR2DS3","KIR2DS2","KIR2DL4","KIR3DL3","KIR3DL1","KIR3DS1","KIR2DL2","KIR3DL2","KIR2DS4","KIR2DL1","KIR2DS1","KIR2DL5"
"HG02723",0.328042328042328,0.000587889476778366,0.218106995884774,0.177542621987066,0.00235155790711346,0.344503233392122,0.889476778365667,1,0.944738389182834,0.0358612580834803,0.21222810111699,0.883597883597884,1.00705467372134,0.345091122868901,0.00117577895355673,0.0405643738977072
