"","KIR2DL1","KIR2DL2","KIR2DL3","KIR2DL23","KIR2DL4","KIR2DL5","KIR2DP1","KIR2DS1","KIR2DS2","KIR2DS3","KIR2DS4","KIR2DS5","KIR3DL1","KIR3DL2","KIR3DL3","KIR3DP1","KIR3DS1"
"HG01071",1.01519756838906,0,0.88145896656535,1.45288753799392,0.820668693009119,0,0.67629179331307,0,0,0.0060790273556231,0.871327254305978,0,0.860182370820669,0.917933130699088,1,0.88145896656535,0.00337723741979061
