"","KIR2DL1","KIR2DL2","KIR2DL3","KIR2DL23","KIR2DL4","KIR2DL5","KIR2DP1","KIR2DS1","KIR2DS2","KIR2DS3","KIR2DS4","KIR2DS5","KIR3DL1","KIR3DL2","KIR3DL3","KIR3DP1","KIR3DS1"
"HG01361",0.344827586206897,0.402298850574713,0.344827586206897,0.85632183908046,0.758620689655172,0.396551724137931,0.272988505747126,0.229885057471264,0.448275862068966,0,0.37037037037037,0.310344827586207,0.396551724137931,0.790229885057471,1,1.00574712643678,0.328863346104725
