"","KIR3DP1","KIR2DS5","KIR2DL3","KIR2DP1","KIR2DS3","KIR2DS2","KIR2DL4","KIR3DL3","KIR3DL1","KIR3DS1","KIR2DL2","KIR3DL2","KIR2DS4","KIR2DL1","KIR2DS1","KIR2DL5"
"HG01361",0.367297132397804,0.350823672971324,0.390482001220256,0.512507626601586,0.0012202562538133,0.302623550945699,0.906650396583283,1,0.395973154362416,0.401464307504576,0.207443563148261,0.838316046369738,0.500305064063453,0.346552776082977,0.0860280658938377,0.336180597925564
