"","KIR3DP1","KIR2DS5","KIR2DL3","KIR2DP1","KIR2DS3","KIR2DS2","KIR2DL4","KIR3DL3","KIR3DL1","KIR3DS1","KIR2DL2","KIR3DL2","KIR2DS4","KIR2DL1","KIR2DS1","KIR2DL5"
"HG02055",0.336727766463001,0,0.794297352342159,0.9979633401222,0,0.00271554650373388,0.875084860828242,1,0.858112695179905,0.0366598778004073,0.00610997963340122,0.805159538357094,0.959945689069925,0.579090291921249,0,0.0604209097080788
