"","KIR2DL1","KIR2DL2","KIR2DL3","KIR2DL23","KIR2DL4","KIR2DL5","KIR2DP1","KIR2DS1","KIR2DS2","KIR2DS3","KIR2DS4","KIR2DS5","KIR3DL1","KIR3DL2","KIR3DL3","KIR3DP1","KIR3DS1"
"HG03516",0.662068965517241,0.310344827586207,0.482758620689655,1.12068965517241,1.06896551724138,0.420689655172414,0.836206896551724,0,0.310344827586207,0.341379310344828,1.0536398467433,0,0.886206896551724,0.789655172413793,1,0.905172413793103,0
