"","KIR3DP1","KIR2DS5","KIR2DL3","KIR2DP1","KIR2DS3","KIR2DS2","KIR2DL4","KIR3DL3","KIR3DL1","KIR3DS1","KIR2DL2","KIR3DL2","KIR2DS4","KIR2DL1","KIR2DS1","KIR2DL5"
"HG03516",0.334680679062247,0.00323362974939369,0.431689571544058,1.09781729991916,0.454324979789814,0.313662085691188,0.887631366208569,1,0.899757477768795,0.0452708164915117,0.232821341956346,0.913500404203719,1.02263540824576,0.508488278092158,0.000808407437348424,0.359741309620049
