"","KIR3DP1","KIR2DS5","KIR2DL3","KIR2DP1","KIR2DS3","KIR2DS2","KIR2DL4","KIR3DL3","KIR3DL1","KIR3DS1","KIR2DL2","KIR3DL2","KIR2DS4","KIR2DL1","KIR2DS1","KIR2DL5"
"HG01175",0.36030534351145,0,0.427480916030534,0.518320610687023,0.361832061068702,0.351908396946565,0.869465648854962,1,0.458778625954198,0.397709923664122,0.256488549618321,0.83969465648855,0.444274809160305,0.305343511450382,0.109160305343511,0.36793893129771
