"","KIR2DL1","KIR2DL2","KIR2DL3","KIR2DL23","KIR2DL4","KIR2DL5","KIR2DP1","KIR2DS1","KIR2DS2","KIR2DS3","KIR2DS4","KIR2DS5","KIR3DL1","KIR3DL2","KIR3DL3","KIR3DP1","KIR3DS1"
"HG01952",1.10992907801418,0.673758865248227,0.177304964539007,1.23049645390071,1.14184397163121,0.464539007092199,1.00177304964539,0,0.624113475177305,0.585106382978723,0.807722616233255,0,0.716312056737589,0.918439716312057,1,0.806737588652482,0
