"","KIR3DP1","KIR2DS5","KIR2DL3","KIR2DP1","KIR2DS3","KIR2DS2","KIR2DL4","KIR3DL3","KIR3DL1","KIR3DS1","KIR2DL2","KIR3DL2","KIR2DS4","KIR2DL1","KIR2DS1","KIR2DL5"
"HG01952",0.307053941908714,0,0.407330567081604,1.06569847856155,0.432918395573997,0.294605809128631,0.919087136929461,1,0.802904564315353,0.0366528354080221,0.212309820193638,0.856846473029046,0.999308437067773,0.500691562932227,0,0.392116182572614
