"","KIR2DL1","KIR2DL2","KIR2DL3","KIR2DL23","KIR2DL4","KIR2DL5","KIR2DP1","KIR2DS1","KIR2DS2","KIR2DS3","KIR2DS4","KIR2DS5","KIR3DL1","KIR3DL2","KIR3DL3","KIR3DP1","KIR3DS1"
"HG02145",0.716867469879518,0,0.783132530120482,1.03614457831325,0.644578313253012,0.493975903614458,0.719126506024096,0,0,0.400602409638554,0.903614457831325,0,0.885542168674699,1.21084337349398,1,0.813253012048193,0
