"","KIR2DL1","KIR2DL2","KIR2DL3","KIR2DL23","KIR2DL4","KIR2DL5","KIR2DP1","KIR2DS1","KIR2DS2","KIR2DS3","KIR2DS4","KIR2DS5","KIR3DL1","KIR3DL2","KIR3DL3","KIR3DP1","KIR3DS1"
"HG03579",1.04152249134948,0.657439446366782,0.588235294117647,1.14186851211073,0.996539792387543,0.608996539792388,1.19377162629758,0,0.470588235294118,0.505190311418685,1.40330642060746,0,0.71280276816609,1.03460207612457,1,0.873702422145329,0
