"","KIR3DP1","KIR2DS5","KIR2DL3","KIR2DP1","KIR2DS3","KIR2DS2","KIR2DL4","KIR3DL3","KIR3DL1","KIR3DS1","KIR2DL2","KIR3DL2","KIR2DS4","KIR2DL1","KIR2DS1","KIR2DL5"
"HG03579",0.328985507246377,0,0.398550724637681,1.08985507246377,0.46231884057971,0.367391304347826,0.970289855072464,1,0.884782608695652,0.0398550724637681,0.243478260869565,0.926811594202899,1.02101449275362,0.48768115942029,0,0.416666666666667
