"","KIR2DL1","KIR2DL2","KIR2DL3","KIR2DL23","KIR2DL4","KIR2DL5","KIR2DP1","KIR2DS1","KIR2DS2","KIR2DS3","KIR2DS4","KIR2DS5","KIR3DL1","KIR3DL2","KIR3DL3","KIR3DP1","KIR3DS1"
"HG00733",1.15357142857143,0.392857142857143,0.214285714285714,1.43928571428571,1.25,0.55,0.928571428571429,0,0.664285714285714,0.542857142857143,0.861111111111111,0,0.85,0.964285714285714,1,1.66964285714286,0.53968253968254
