"","KIR3DP1","KIR2DS5","KIR2DL3","KIR2DP1","KIR2DS3","KIR2DS2","KIR2DL4","KIR3DL3","KIR3DL1","KIR3DS1","KIR2DL2","KIR3DL2","KIR2DS4","KIR2DL1","KIR2DS1","KIR2DL5"
"HG00733",0.501302083333333,0,0.376302083333333,1.0703125,0.456380208333333,0.345703125,1.28841145833333,1,0.8359375,0.495442708333333,0.266276041666667,0.879557291666667,0.977213541666667,0.518880208333333,0,0.412109375
