"","KIR3DP1","KIR2DS5","KIR2DL3","KIR2DP1","KIR2DS3","KIR2DS2","KIR2DL4","KIR3DL3","KIR3DL1","KIR3DS1","KIR2DL2","KIR3DL2","KIR2DS4","KIR2DL1","KIR2DS1","KIR2DL5"
"HG03453",0.354182955433933,0.405785770132916,0.483189992181392,1.05785770132916,0.00469116497263487,0.00156372165754496,0.952306489444879,1,0.845191555903049,0.053948397185301,0.135261923377639,0.854573885848319,1.0226739640344,0.54573885848319,0.00390930414386239,0.394057857701329
