"","KIR2DL1","KIR2DL2","KIR2DL3","KIR2DL23","KIR2DL4","KIR2DL5","KIR2DP1","KIR2DS1","KIR2DS2","KIR2DS3","KIR2DS4","KIR2DS5","KIR3DL1","KIR3DL2","KIR3DL3","KIR3DP1","KIR3DS1"
"HG02818",0.890909090909091,0,1.34545454545455,1.21090909090909,0.770909090909091,0,0.809090909090909,0,0,0,1.23636363636364,0,0.872727272727273,1.2,1,0.954545454545455,0
