"","KIR3DP1","KIR2DS5","KIR2DL3","KIR2DP1","KIR2DS3","KIR2DS2","KIR2DL4","KIR3DL3","KIR3DL1","KIR3DS1","KIR2DL2","KIR3DL2","KIR2DS4","KIR2DL1","KIR2DS1","KIR2DL5"
"HG02818",0.342875318066158,0.00254452926208651,0.856234096692112,1.06870229007634,0,0,0.854961832061069,1,0.903307888040712,0.0292620865139949,0.00763358778625954,0.895674300254453,1.02162849872774,0.641221374045801,0.000636132315521629,0.0362595419847328
